Language,Author,NLOC,CCN,PC,MND,V,D,MI
python,Human,13.43Âą11.22,3.76Âą3.51,3.12Âą2.30,1.28Âą1.13,681.16Âą757.44,15.57Âą8.48,59.05Âą9.94
python,OpenAI GPT,5.06Âą2.24,1.90Âą0.86,2.35Âą1.44,0.66Âą0.80,230.85Âą179.91,9.64Âą3.26,70.89Âą6.89
python,DeepSeek,7.79Âą4.83,2.40Âą1.70,2.94Âą2.06,1.02Âą1.04,343.97Âą237.38,12.40Âą6.05,65.70Âą9.06
python,Qwen,10.48Âą7.20,3.18Âą2.45,2.77Âą1.84,1.16Âą0.87,543.98Âą448.00,15.25Âą7.34,61.87Âą9.36
python,Claude,13.26Âą7.44,3.66Âą2.56,3.10Âą2.26,1.30Âą0.98,587.52Âą423.22,17.40Âą7.37,58.19Âą8.32
java,Human,15.30Âą12.99,3.42Âą3.21,1.59Âą1.24,1.17Âą1.21,671.23Âą706.18,16.27Âą7.98,57.79Âą9.90
java,OpenAI GPT,12.64Âą4.13,2.80Âą1.13,1.48Âą0.96,1.48Âą0.75,471.62Âą193.52,16.44Âą5.22,57.97Âą5.56
java,DeepSeek,10.30Âą4.80,2.47Âą1.41,1.43Âą1.05,1.13Âą0.98,407.20Âą251.99,14.29Âą6.01,61.79Âą7.34
java,Qwen,12.39Âą6.81,3.14Âą2.25,1.47Âą1.04,1.35Âą1.00,520.49Âą364.09,16.20Âą7.03,59.29Âą7.95
java,Claude,14.52Âą9.02,3.80Âą2.89,1.57Âą1.24,1.48Âą1.12,617.09Âą460.55,17.35Âą7.72,57.25Âą8.57
c,Human,29.61Âą23.38,7.06Âą6.33,2.56Âą1.66,1.31Âą1.06,1201.18Âą1066.35,26.97Âą12.89,48.83Âą9.96
c,OpenAI GPT,19.42Âą9.95,6.60Âą3.88,2.54Âą1.65,1.27Âą0.95,842.16Âą471.25,28.03Âą12.22,52.15Âą6.78
c,DeepSeek,12.21Âą5.05,3.11Âą1.67,2.12Âą1.34,1.08Âą0.65,438.91Âą214.86,16.91Âą6.65,58.92Âą6.12
c,Qwen,16.92Âą8.33,4.01Âą2.24,2.42Âą1.39,1.36Âą0.85,649.78Âą367.98,21.58Âą8.95,55.27Âą7.35
c,Claude,23.30Âą12.15,6.12Âą3.90,2.54Âą1.66,1.09Âą0.90,907.05Âą582.73,27.51Âą11.68,50.56Âą7.39
