author,predictor,outcome,rho_raw,ci_raw_lo,ci_raw_hi,rho_partial,ci_part_lo,ci_part_hi,n
human,sample_nloc,defects_total,0.5517623171521326,0.5487157661354825,0.5549044056975523,nan,nan,nan,220940
human,sample_nloc,def_assignment,0.27974179338701194,0.2762603830485165,0.28317302372765896,nan,nan,nan,220940
human,sample_nloc,def_algorithm,0.48376885767801864,0.4804765064578772,0.486941211564668,nan,nan,nan,220940
human,sample_nloc,def_interface,0.055686266497772016,0.05170651777864186,0.05953815377747462,nan,nan,nan,220940
human,sample_nloc,def_checking,0.2954440909735478,0.29198543101654184,0.29879267947586574,nan,nan,nan,220940
human,sample_nloc,def_timing,0.10944253606010702,0.10600065373268143,0.11308559110390687,nan,nan,nan,220940
human,sample_nloc,def_function_class_object,0.04617198820189126,0.04198957566271773,0.050096624322634495,nan,nan,nan,220940
human,sample_nloc,vulns_total,0.1378388141834101,0.13415204334090033,0.14145819588654818,nan,nan,nan,220940
human,sample_nloc,vulns_high_sev,0.04764354734873409,0.044120425932448123,0.051038845060728345,nan,nan,nan,220940
human,nloc,defects_total,0.5226758591735327,0.5196028330857719,0.525946287920567,-0.0010497088495610523,-0.0057952944251636425,0.0036159768354644636,220940
human,nloc,def_assignment,0.27364399466111644,0.2702798655134867,0.2772193904306259,0.027787246456190177,0.023136392190818415,0.032474696430272385,220940
human,nloc,def_algorithm,0.4590916095762821,0.45575535738997386,0.4623055452672183,0.002078583336815269,-0.003091874088459609,0.007309820930371614,220940
human,nloc,def_interface,0.03630913980395962,0.03211840631573024,0.04051365046581368,-0.05172681386792266,-0.060921751995100526,-0.04269345994531846,220940
human,nloc,def_checking,0.2682110951450419,0.26456282235971706,0.271799542859996,-0.03875809773473985,-0.044654464997530646,-0.03345496189720012,220940
human,nloc,def_timing,0.10039565909311368,0.09670531954086009,0.1041677139177269,-0.010514686577767626,-0.015804361543936465,-0.005801284378669661,220940
human,nloc,def_function_class_object,0.044243830853370754,0.04027291809570838,0.04805550498648913,0.0015145410739406458,-0.00341877572745436,0.006071892731320825,220940
human,nloc,vulns_total,0.12251281201987754,0.11883347555892369,0.1261099577319511,-0.025738472280543222,-0.03218961961082218,-0.018893364940884724,220940
human,nloc,vulns_high_sev,0.04150685258941289,0.03786881780585346,0.04502434543231007,-0.01145645570775709,-0.018640365707225066,-0.0049308278250053805,220940
human,ccn,defects_total,0.4912765882719926,0.48792702684939,0.49468285649957433,0.129352932257658,0.12525467851016314,0.13402645088328236,220940
human,ccn,def_assignment,0.25138074997977544,0.2476050905338224,0.2552437132356689,0.06069264966090086,0.05670643371544322,0.06457861924445321,220940
human,ccn,def_algorithm,0.4856957338769771,0.4823691087154508,0.4889471514198532,0.20545269346967351,0.20167572661203584,0.20952598512596418,220940
human,ccn,def_interface,0.022487354517881124,0.018519818467295196,0.026707473022403887,-0.031175932441222878,-0.03599333189311387,-0.02606139233063892,220940
human,ccn,def_checking,0.2166173835459139,0.2128518281635747,0.22035447812926695,-0.014913979828526,-0.019053178691093797,-0.010759309549763802,220940
human,ccn,def_timing,0.08266039397770515,0.07871737947704553,0.08638266709902434,-0.0015377463476821131,-0.005760607679353487,0.002299153199313054,220940
human,ccn,def_function_class_object,0.037519177508571186,0.03324821235295404,0.04186290697498697,0.003462194150287823,-0.0012536931395387679,0.007947169806792618,220940
human,ccn,vulns_total,0.0824252625409415,0.07826010572234392,0.08657344306305118,-0.03589064647192479,-0.04036524329116427,-0.03109245170057146,220940
human,ccn,vulns_high_sev,0.01617961799420429,0.01203766718948563,0.020429527076142755,-0.031412501935869426,-0.0364347225852546,-0.026195394637862798,220940
human,parameter_count,defects_total,-0.013676743174351658,-0.0176746990297768,-0.009675929961476286,0.026947954019737035,0.022767154167827857,0.031138140957652303,220940
human,parameter_count,def_assignment,0.018657440547255592,0.014144153059537859,0.023175742556109536,0.038581387961140225,0.03400473955880527,0.04311615522934435,220940
human,parameter_count,def_algorithm,0.002220967521650251,-0.0020986390643704454,0.006447505281162341,0.03878897107101334,0.03439414611167806,0.04284416183289134,220940
human,parameter_count,def_interface,-0.01797788683709982,-0.0221419854098586,-0.013922395045947496,-0.01438730158169383,-0.01861697511290728,-0.010307901323475307,220940
human,parameter_count,def_checking,-0.025957598164161395,-0.03027653883834809,-0.021937980007035642,-0.006950437236611134,-0.011228112770472492,-0.002853127884130766,220940
human,parameter_count,def_timing,-0.0855172639228098,-0.08951062845978221,-0.08136032062532533,-0.07899897578313149,-0.08320116175114133,-0.07482498778796501,220940
human,parameter_count,def_function_class_object,0.06722975415632691,0.06352568145220056,0.07133426955917241,0.07047693941678547,0.06661746508538693,0.07462769104967168,220940
human,parameter_count,vulns_total,-0.01501147529107451,-0.01921183433394106,-0.011101749503687768,-0.006063074369442328,-0.010250588060041138,-0.0022123969909912345,220940
human,parameter_count,vulns_high_sev,0.0016464349502362061,-0.0028912367262044414,0.005927789721233835,0.004779531963986485,0.0001574345236951082,0.009133548266209048,220940
human,max_nesting_depth,defects_total,0.4937856554964898,0.490427176856675,0.497168744730351,0.15063266893420985,0.14621269077826102,0.15490893877575343,220940
human,max_nesting_depth,def_assignment,0.2284777602541486,0.22482101098254378,0.23236320634702137,0.032341232617584446,0.028089827884297425,0.03649390164332276,220940
human,max_nesting_depth,def_algorithm,0.42534884521690736,0.42169823718867727,0.4288932985306433,0.11291342192190795,0.10867952379475761,0.11734082084167191,220940
human,max_nesting_depth,def_interface,0.03374737781437493,0.029665616225072102,0.03785423302850324,-0.011350869442885218,-0.015941382653615124,-0.00672292988416006,220940
human,max_nesting_depth,def_checking,0.24948043030935368,0.24563668925487075,0.2531988808938853,0.04710172741824035,0.043033049802390796,0.05131077127739593,220940
human,max_nesting_depth,def_timing,0.1973441816617612,0.1938871059110094,0.20084463661909158,0.17433065061232764,0.1698782670603137,0.17867406938839459,220940
human,max_nesting_depth,def_function_class_object,0.04258204264782742,0.03830459949253172,0.04692041704061599,0.012408931157916409,0.007548251535193504,0.017184237756393255,220940
human,max_nesting_depth,vulns_total,0.0961868371496721,0.0920987121719643,0.10020514954047899,-0.009255881751908565,-0.013888975590163324,-0.004673633334748155,220940
human,max_nesting_depth,vulns_high_sev,0.019558043133008227,0.015570324118795834,0.023604742894561034,-0.023627015595209994,-0.02807932443338342,-0.01871282555855506,220940
human,distinct_operators,defects_total,0.4610904615209986,0.4575421962152584,0.46459689602219534,0.13581943034544744,0.1316398100532506,0.140545581362915,220940
human,distinct_operators,def_assignment,0.24857523314419935,0.2448546396085178,0.25248288592639667,0.08101976599493065,0.07685634965187614,0.0851436208511056,220940
human,distinct_operators,def_algorithm,0.4028524485186564,0.39909865072738965,0.4064263245453177,0.11124952842558165,0.10706752752465817,0.11563742671535666,220940
human,distinct_operators,def_interface,0.022942017265719122,0.018323109425472106,0.02762200275287528,-0.021042094142596113,-0.026514466337501104,-0.0152174788270557,220940
human,distinct_operators,def_checking,0.22911114507422634,0.22518464214448305,0.233162697844185,0.037893370314278176,0.03362720151645265,0.04232316505903212,220940
human,distinct_operators,def_timing,0.08510020070187112,0.08124126751884618,0.08911755373705392,0.013809098223043428,0.009685490297234648,0.018149453690709177,220940
human,distinct_operators,def_function_class_object,0.10082370183506309,0.0971472891681808,0.10485980928443994,0.09516134843600266,0.0904971396662406,0.09984748780928618,220940
human,distinct_operators,vulns_total,0.08210727160769503,0.07781610288458182,0.08599438701521334,-0.017354675664154034,-0.021705212999455475,-0.012894066891824547,220940
human,distinct_operators,vulns_high_sev,0.02750966510088199,0.02322461778261698,0.03178037974262097,-0.007146346001404246,-0.01160251386389231,-0.002558072873727451,220940
human,distinct_operands,defects_total,0.4366986999987158,0.43323117449064674,0.4402618063280823,0.04435487393057316,0.04028278520781304,0.04838829406528371,220940
human,distinct_operands,def_assignment,0.19171627327638469,0.18772151241544285,0.19555783374599203,-0.02696924407568045,-0.03136779081575638,-0.022854247592141087,220940
human,distinct_operands,def_algorithm,0.40206415353254144,0.39825289462363683,0.405772648662023,0.07001511101626363,0.06603830554333419,0.07397090744324944,220940
human,distinct_operands,def_interface,0.04174108688314102,0.03744173995357819,0.04630258869176199,0.00022607485910579824,-0.005267627448914492,0.005176113854547447,220940
human,distinct_operands,def_checking,0.27740087182637024,0.2737481740099355,0.28108119418606825,0.08931481409591345,0.08519748365196378,0.09331100287133651,220940
human,distinct_operands,def_timing,0.05152682731747252,0.0473348324481965,0.055852838618244624,-0.045711536248927896,-0.050376737753958165,-0.04140735368177213,220940
human,distinct_operands,def_function_class_object,0.017301692071709406,0.013271965935158614,0.02141565557758214,-0.025868713590987653,-0.03008408351108428,-0.02149825180930203,220940
human,distinct_operands,vulns_total,0.14473046358219968,0.14071467455422007,0.14849520036222918,0.06343856187182564,0.05916028588797191,0.06763780670455184,220940
human,distinct_operands,vulns_high_sev,0.053939986382435225,0.049990142062314454,0.05775092888501555,0.027636045887781884,0.023019290344373212,0.0315002618020188,220940
human,total_operators,defects_total,0.498864750465139,0.4954576551722667,0.5022237073554763,0.04631976435189943,0.0418521930448831,0.05058218049940056,220940
human,total_operators,def_assignment,0.25779468643193776,0.25419347438173423,0.2612178604362777,0.030675579399014972,0.02677535252598626,0.03477847034858196,220940
human,total_operators,def_algorithm,0.46472268236172276,0.46141908514831176,0.46798757540485114,0.10194087503108604,0.09779762908300053,0.1062014547473122,220940
human,total_operators,def_interface,0.033446601944657324,0.02928884844885259,0.03767676167882632,-0.03037222273264979,-0.03681216001691561,-0.02364151943807373,220940
human,total_operators,def_checking,0.23707499522466427,0.23335875866440436,0.2409578309144998,-0.042030763389698314,-0.04656833641418549,-0.037533545058235494,220940
human,total_operators,def_timing,0.0762832297154492,0.072487222465448,0.07991442361672606,-0.03846846835104047,-0.042771459411144706,-0.03440836328704033,220940
human,total_operators,def_function_class_object,0.06287247842002766,0.059188726249416755,0.06665420490494439,0.04606313998577581,0.04160106880382308,0.05041518669661852,220940
human,total_operators,vulns_total,0.11376273926537273,0.10986284048367563,0.11747027151968953,-0.012462380933336062,-0.017435984776479247,-0.00758995977261842,220940
human,total_operators,vulns_high_sev,0.04065158089060185,0.036909680574865295,0.04445242154243262,-0.0015753558549112064,-0.006637845799186211,0.0028230214493043205,220940
human,total_operands,defects_total,0.46027347624276493,0.4566796038478594,0.4639109707232986,0.0453490501459152,0.04079573901550482,0.049406956590816786,220940
human,total_operands,def_assignment,0.2293776621030309,0.22531485984780278,0.2331281570123326,0.0131778584655177,0.009112518289594662,0.017162884831034144,220940
human,total_operands,def_algorithm,0.4356744673813449,0.4320375905153406,0.43941106449416795,0.09805058918450732,0.09410190460429929,0.10218114827873696,220940
human,total_operands,def_interface,0.03354602827287228,0.02912248284630384,0.038184775886057454,-0.017367217335753943,-0.023136400024865063,-0.011582368614449138,220940
human,total_operands,def_checking,0.24092915675955914,0.23703315318058005,0.24473041711355223,0.011714826166110468,0.007229885700773809,0.015917810363758698,220940
human,total_operands,def_timing,0.03963400835563938,0.0352148575744464,0.04369315164078532,-0.07765051569994576,-0.08256641378440804,-0.07322379016220396,220940
human,total_operands,def_function_class_object,0.05734678675100726,0.053580134454426505,0.06113830089862194,0.034069278017265656,0.030074797377183164,0.03809514326865548,220940
human,total_operands,vulns_total,0.12855189120293034,0.12456001897168907,0.132435574238004,0.03199564361029743,0.027267935325886474,0.036749488486341554,220940
human,total_operands,vulns_high_sev,0.046627570869843295,0.04273111245586964,0.0505402019057962,0.014566699311908593,0.010080818686210443,0.0185099137208101,220940
human,halstead_v,defects_total,0.49289621291087304,0.48944897318402447,0.4963414354135403,0.05012982539912774,0.04585515963140468,0.054161099585298085,220940
human,halstead_v,def_assignment,0.24853038488440415,0.24486763374107512,0.2520462919652161,0.01934356861740718,0.015327532469250282,0.023397613984068227,220940
human,halstead_v,def_algorithm,0.4574934950012034,0.45411401116561206,0.46088808416150506,0.0975049440326348,0.09339636563490519,0.10174886569837054,220940
human,halstead_v,def_interface,0.03474700696042082,0.03053390920504075,0.039141844674876164,-0.024634976902024295,-0.031080467399981628,-0.018023966880490763,220940
human,halstead_v,def_checking,0.24743522969778894,0.24369225285984344,0.2513228433211041,-0.00972759342715201,-0.014322060934752136,-0.005317086703898345,220940
human,halstead_v,def_timing,0.06588166760384667,0.061901639921250445,0.06968653598617519,-0.05328775723491276,-0.057790033828770765,-0.04915406613657494,220940
human,halstead_v,def_function_class_object,0.06226781615897488,0.05867245557712034,0.06601048363621285,0.04393477307620359,0.03981735581313014,0.04794935884390451,220940
human,halstead_v,vulns_total,0.12341452578998253,0.11953642914090934,0.1271018159262574,0.011090859992403567,0.006336990531947485,0.016000238216302216,220940
human,halstead_v,vulns_high_sev,0.04485843545109356,0.04112840516097715,0.048662219890589144,0.008034077803938616,0.0031866041390534628,0.012257708279462072,220940
human,halstead_difficulty,defects_total,0.4506002924569637,0.4471003965426542,0.454234993419058,0.10388019525540299,0.09967034564992856,0.10838213601710778,220940
human,halstead_difficulty,def_assignment,0.264187391685693,0.26053430319367765,0.2678457619221641,0.09825872050678153,0.09430871509332,0.10224365392195855,220940
human,halstead_difficulty,def_algorithm,0.42780664335718444,0.42419016948050425,0.43144562088365357,0.13955536560191073,0.1355599359294286,0.14378476553843464,220940
human,halstead_difficulty,def_interface,0.013368595356763815,0.008765162518969718,0.017760336263262504,-0.03660860383553626,-0.04194544014689027,-0.031320772579385814,220940
human,halstead_difficulty,def_checking,0.17110016606413037,0.1669738623321634,0.17493301475774173,-0.05506769118461962,-0.05940219516176009,-0.050722150648162524,220940
human,halstead_difficulty,def_timing,0.05009164714199828,0.04619453586052992,0.05393955745572069,-0.03846748150012776,-0.042685841000754544,-0.034573993627220606,220940
human,halstead_difficulty,def_function_class_object,0.11110252957589203,0.10726096668871739,0.11499219519839918,0.1109094991306194,0.10620272924629137,0.11548811115445597,220940
human,halstead_difficulty,vulns_total,0.07232030332803396,0.06813480791784406,0.07621584008633657,-0.03547250171751584,-0.04004077822637508,-0.030933539085183537,220940
human,halstead_difficulty,vulns_high_sev,0.020329875709609514,0.0161374400798537,0.02436512528765695,-0.018749643362045727,-0.023375543733530166,-0.014249768679994581,220940
human,halstead_effort,defects_total,0.49667446719442315,0.4932118514922897,0.49986597174387026,0.07660023199954699,0.07209948467375053,0.08085824783130646,220940
human,halstead_effort,def_assignment,0.26351779926542634,0.2598055696390794,0.2671181681966841,0.056002242183713524,0.05211138320807941,0.06007684333908957,220940
human,halstead_effort,def_algorithm,0.4624783423883749,0.45908250003175133,0.4659410154142565,0.12035862379427135,0.11626172413211178,0.12450304030920017,220940
human,halstead_effort,def_interface,0.029219243059287407,0.024825845507450577,0.03364321635527766,-0.031783922586065896,-0.03798832900416407,-0.025275254585042727,220940
human,halstead_effort,def_checking,0.22879825306785348,0.22489552334888754,0.23283281889042043,-0.03520741219962857,-0.03960553187640416,-0.030710441345252366,220940
human,halstead_effort,def_timing,0.06370168580369141,0.05958265735503579,0.06749998932580517,-0.051215593280678255,-0.05540143637090227,-0.04708063439794312,220940
human,halstead_effort,def_function_class_object,0.08654924163295431,0.08305845366775692,0.0903953927863995,0.08759726759962766,0.08326969440745015,0.09202977349077197,220940
human,halstead_effort,vulns_total,0.10983366524879883,0.10589853287713447,0.11354221787541391,-0.010149495093752084,-0.014886283490374753,-0.005448757912402528,220940
human,halstead_effort,vulns_high_sev,0.039346326818126866,0.03557499561913087,0.04300550278893528,-0.0009506233838196999,-0.0052800479817555306,0.0028165869834386706,220940
human,mi,defects_total,-0.5136830687387755,-0.5169881937192394,-0.5105301400064117,-0.009437644351048729,-0.014029137761539254,-0.004779678929621756,220940
human,mi,def_assignment,-0.2667705736876434,-0.27042841839147097,-0.26332805453587066,-0.021587527019019122,-0.026166804256649585,-0.016921985895621043,220940
human,mi,def_algorithm,-0.4571171531740963,-0.4604912998541963,-0.45364436262583047,-0.02821471302677723,-0.03332951088810411,-0.022897335703509894,220940
human,mi,def_interface,-0.033187557206416425,-0.037556262753388234,-0.028849530202761278,0.048564387412891985,0.0398794975855878,0.05732355707181671,220940
human,mi,def_checking,-0.2590545462759973,-0.2628146211438626,-0.2553551084106501,0.03983098373845059,0.0344119461223183,0.04537305975581573,220940
human,mi,def_timing,-0.08954447520178438,-0.0931912223570287,-0.08582801534845748,0.031238863963796694,0.026274174679147617,0.036632289595798784,220940
human,mi,def_function_class_object,-0.04713114511866837,-0.05091178777334904,-0.04323162637892321,-0.011622860866260987,-0.016433973483974088,-0.006544451275155697,220940
human,mi,vulns_total,-0.11944343318850713,-0.12313106075007223,-0.11581728548788717,0.021706490265211025,0.014900927719014924,0.027805322732755003,220940
human,mi,vulns_high_sev,-0.03902618328340509,-0.042800234833842,-0.0351223634476764,0.013414267522155314,0.006222516529218913,0.021240821221963743,220940
human,naturalness,defects_total,0.1250472022973926,0.12120316198365884,0.12914878472996427,0.06028990925218151,0.05617139034289527,0.06442664687655646,220940
human,naturalness,def_assignment,0.13678614370603775,0.13286389326942682,0.1408558557887747,0.10371295006392764,0.09969717580324361,0.10774114035907578,220940
human,naturalness,def_algorithm,0.12812118485020413,0.12435348754649679,0.13191476042174163,0.07169071755666687,0.06789601790497307,0.07549288794567197,220940
human,naturalness,def_interface,-0.009251691551099821,-0.012831359170807702,-0.005559320547790573,-0.017029967456422965,-0.02062077063730882,-0.013321114025306877,220940
human,naturalness,def_checking,-0.038487458380575476,-0.04203126377003394,-0.03453831659843541,-0.08323048111731668,-0.08674763330749527,-0.07930552019121889,220940
human,naturalness,def_timing,0.06191470058097301,0.05796812324146293,0.06585269398069173,0.047721470653178284,0.04371664253553529,0.05172448700051534,220940
human,naturalness,def_function_class_object,0.07429123146210681,0.07021884241883053,0.07841264074322467,0.0687098309401365,0.06451672013764805,0.07284685831743293,220940
human,naturalness,vulns_total,-0.02336429617978786,-0.026841081860498234,-0.019712890073569387,-0.042966761894811994,-0.046362338785587216,-0.03914055146184252,220940
human,naturalness,vulns_high_sev,-0.026760026605655015,-0.03026511316097198,-0.023036444164110104,-0.03360811352247537,-0.03723243157617922,-0.029727031370959046,220940
chatgpt,sample_nloc,defects_total,0.4741156795544489,0.4707884934924473,0.4773478769586657,nan,nan,nan,221155
chatgpt,sample_nloc,def_assignment,0.22549866267205668,0.22163263684945306,0.22929608658144013,nan,nan,nan,221155
chatgpt,sample_nloc,def_algorithm,0.34116527600998225,0.3375415281371186,0.3443564499523836,nan,nan,nan,221155
chatgpt,sample_nloc,def_interface,0.15249437600887178,0.1492297060669244,0.15561594346578875,nan,nan,nan,221155
chatgpt,sample_nloc,def_checking,0.2172153734345329,0.2130806344565329,0.22085384579661152,nan,nan,nan,221155
chatgpt,sample_nloc,def_timing,0.09218030316497,0.08820378085427462,0.09601269328056088,nan,nan,nan,221155
chatgpt,sample_nloc,def_function_class_object,0.16777817623036623,0.16408622783139387,0.171662808857988,nan,nan,nan,221155
chatgpt,sample_nloc,vulns_total,0.20895105458118898,0.20505041593536272,0.21273550099725574,nan,nan,nan,221155
chatgpt,sample_nloc,vulns_high_sev,0.13762840363688494,0.1342691367382241,0.1407077997829528,nan,nan,nan,221155
chatgpt,nloc,defects_total,0.3741379514160705,0.37044017743465824,0.3774951294496264,-0.04845409313669379,-0.05356634220965917,-0.043707240543630406,221155
chatgpt,nloc,def_assignment,0.15471232483272054,0.15057437571323523,0.1588028422236925,-0.06455840944238968,-0.07008055642193327,-0.05901109711951731,221155
chatgpt,nloc,def_algorithm,0.3462061872224326,0.3427025543583315,0.3497183871766933,0.1175112179107261,0.1137106597103201,0.12166976339299974,221155
chatgpt,nloc,def_interface,0.11434791027868874,0.11020609561568391,0.11800563746056154,-0.024997082695821973,-0.02952860643709354,-0.02055403807124503,221155
chatgpt,nloc,def_checking,0.20194033477012796,0.19806420449468276,0.20554889992038863,0.037326152313427285,0.03256336409085129,0.0415365974477818,221155
chatgpt,nloc,def_timing,0.046348983507849585,0.042356925093556895,0.05004931533006493,-0.05693254106918976,-0.06250916418725413,-0.05154075936994547,221155
chatgpt,nloc,def_function_class_object,0.0380061364135438,0.033789495009800025,0.04213299927546637,-0.19088497257441478,-0.19725167488660614,-0.18428828359532787,221155
chatgpt,nloc,vulns_total,0.17989135270098056,0.1761023972566937,0.18374484562839857,0.008903409251367586,0.004469324055531157,0.013482742240812567,221155
chatgpt,nloc,vulns_high_sev,0.10201415652394139,0.09827278187287843,0.10562432493554941,-0.024707118532095965,-0.0293587936623664,-0.020233182464998792,221155
chatgpt,ccn,defects_total,0.34639400302155154,0.34255746227140554,0.34995298009727116,0.04860115752373798,0.043801424133410455,0.05315896758574338,221155
chatgpt,ccn,def_assignment,0.1272956962654007,0.12322896605187797,0.13101184649615757,-0.030468608262589354,-0.0345018646331141,-0.026204877682254515,221155
chatgpt,ccn,def_algorithm,0.3635663724287186,0.3600274970723571,0.3670766050394249,0.19520302696462624,0.19115195500269744,0.19936323543376125,221155
chatgpt,ccn,def_interface,0.04124078148894503,0.03712102300118544,0.04528595656034508,-0.08092519062127547,-0.08523210023218454,-0.07641043277190411,221155
chatgpt,ccn,def_checking,0.17859835312486425,0.17477814210066936,0.18224849774539667,0.0473163183179836,0.04286525808615208,0.05131198272479,221155
chatgpt,ccn,def_timing,0.03347114891887598,0.02951207745578353,0.03700121971121192,-0.037093035015591434,-0.04127836296126345,-0.03269256970365226,221155
chatgpt,ccn,def_function_class_object,0.04389095027127119,0.03990663511056773,0.04803103323137555,-0.09126974203658024,-0.09633705646777133,-0.08600605187677844,221155
chatgpt,ccn,vulns_total,0.08567292610213446,0.08191982727457163,0.08949769269879695,-0.0722236662212845,-0.07641574763899724,-0.0681165437997559,221155
chatgpt,ccn,vulns_high_sev,0.033086716501719744,0.02893648780704067,0.0369388545832445,-0.07845056638981332,-0.08298782681878802,-0.0740294252968046,221155
chatgpt,parameter_count,defects_total,0.03101640765972178,0.026909472118423157,0.03534213370140604,-0.01681047723945272,-0.021175265290867804,-0.012287760229215027,221155
chatgpt,parameter_count,def_assignment,0.03209744077394383,0.02794197350773538,0.03619266338455201,0.01066171622161329,0.006512121085254785,0.014981794350284747,221155
chatgpt,parameter_count,def_algorithm,0.05566241738874911,0.05172210856237575,0.059583901132714785,0.024307723152949736,0.020276633077911152,0.02837611785323971,221155
chatgpt,parameter_count,def_interface,0.018246139049644245,0.01399266285922189,0.022572235065119618,0.003590208546032572,-0.0007618884600581032,0.007868125909152564,221155
chatgpt,parameter_count,def_checking,-0.009702500807771243,-0.013684349705374152,-0.005722665315571609,-0.031559298341089455,-0.0357396327205246,-0.027621375300121064,221155
chatgpt,parameter_count,def_timing,-0.0631151427017806,-0.06748199938707566,-0.058926173374805775,-0.07265673644993914,-0.07703344943655523,-0.06874618874225027,221155
chatgpt,parameter_count,def_function_class_object,0.013429532676967419,0.009025201045494518,0.017690734617694753,-0.0028125137747776956,-0.007158416064665366,0.0014790122423611965,221155
chatgpt,parameter_count,vulns_total,0.011160948463800032,0.007296169087977427,0.014959349301739623,-0.009247468838568243,-0.013194630150844433,-0.005182408295692706,221155
chatgpt,parameter_count,vulns_high_sev,0.034130558248367526,0.030310714677885334,0.037808953563475786,0.021149537437239,0.01746984837104368,0.024672219812176863,221155
chatgpt,max_nesting_depth,defects_total,0.35220697394674816,0.3484818845081629,0.35564563112632924,0.0646309093615165,0.059884766287134544,0.0691986138945876,221155
chatgpt,max_nesting_depth,def_assignment,0.1302951888103294,0.12651494983290887,0.1340921189945899,-0.022599116673416995,-0.026822268810979804,-0.01860734549718171,221155
chatgpt,max_nesting_depth,def_algorithm,0.3276680648962678,0.32415706369033126,0.3312369665098461,0.14768762269312452,0.14378472573690376,0.15195927570435172,221155
chatgpt,max_nesting_depth,def_interface,0.0657284764488569,0.06138833859613096,0.06974605658266494,-0.04493169879455292,-0.049288910976809965,-0.04037645386890421,221155
chatgpt,max_nesting_depth,def_checking,0.19335146695161434,0.1895951739198559,0.19695919277118107,0.06992222539846839,0.06542437349385354,0.07410358053258177,221155
chatgpt,max_nesting_depth,def_timing,0.0857187578958308,0.08142985312532004,0.08962874668492087,0.03394286597303915,0.028887908113057272,0.03891177667222334,221155
chatgpt,max_nesting_depth,def_function_class_object,0.05041021713867342,0.04626427928973598,0.054851600486362416,-0.07886112389054836,-0.08417811197105816,-0.07352195441124867,221155
chatgpt,max_nesting_depth,vulns_total,0.1185167070550978,0.11476256564252309,0.12258224020808776,-0.02385150487993028,-0.028090162095253914,-0.01953165288532673,221155
chatgpt,max_nesting_depth,vulns_high_sev,0.04781658927568835,0.04345281457506113,0.05187553583615605,-0.055778302912812036,-0.060475062790634276,-0.05109329705753501,221155
chatgpt,distinct_operators,defects_total,0.3178533805731416,0.31386605895121844,0.3215572007071193,0.02585947972014326,0.020977838398015286,0.030215587101457574,221155
chatgpt,distinct_operators,def_assignment,0.11094558848526861,0.10634179631801689,0.11550784493689668,-0.0422411645278326,-0.04723897321638497,-0.03697743013176455,221155
chatgpt,distinct_operators,def_algorithm,0.29568454862537136,0.2920006078101239,0.29917660957149,0.10947250591795751,0.10545434381180904,0.11375832472958276,221155
chatgpt,distinct_operators,def_interface,0.08322786290130596,0.07900780063122843,0.08686934388499405,-0.01743836598374929,-0.02179857931136142,-0.013531022099807402,221155
chatgpt,distinct_operators,def_checking,0.17658187052662344,0.17265545471192434,0.18038843889928108,0.05166457122164005,0.047207708120341016,0.05570464930143034,221155
chatgpt,distinct_operators,def_timing,0.0277703152603712,0.023748619342162262,0.03183241537595165,-0.039709693200006335,-0.04417755425101415,-0.03501538846124755,221155
chatgpt,distinct_operators,def_function_class_object,0.08195400827499462,0.0776792760424523,0.08621097146565086,-0.03183681559572131,-0.03738077732193905,-0.02601683021291949,221155
chatgpt,distinct_operators,vulns_total,0.11436304496235679,0.11039860124914125,0.11835104525980841,-0.02372197165218315,-0.027830151208728733,-0.019431348306992745,221155
chatgpt,distinct_operators,vulns_high_sev,0.07219706895082942,0.06850787732614651,0.07574088729332633,-0.01950931561149469,-0.023374174572921735,-0.01579758528138708,221155
chatgpt,distinct_operands,defects_total,0.31386958392736247,0.30987539851008694,0.3176361310887727,-0.002498017402270489,-0.007061627436398918,0.002112480259357901,221155
chatgpt,distinct_operands,def_assignment,0.1169426314160093,0.11264885263667979,0.12119989401132757,-0.0455457100220617,-0.050392424328229435,-0.04025715416899212,221155
chatgpt,distinct_operands,def_algorithm,0.28675570973811904,0.2830189509237799,0.2905278173957096,0.08511410002995833,0.08124510811777946,0.08934295505432645,221155
chatgpt,distinct_operands,def_interface,0.1483546634339515,0.1442736974191425,0.1520680882184762,0.06354109034752457,0.0596502664412527,0.06717270357550963,221155
chatgpt,distinct_operands,def_checking,0.22310281824535014,0.21906313179360715,0.22684858386558818,0.10781198875576865,0.10367257986850405,0.11188453202162739,221155
chatgpt,distinct_operands,def_timing,0.01468305419166069,0.010271043321541957,0.018897226674770173,-0.06277949393535107,-0.06759589709450284,-0.057887364805694466,221155
chatgpt,distinct_operands,def_function_class_object,-0.025139664390002984,-0.02929900127664741,-0.020963075271059405,-0.18589821856076416,-0.1907392901191859,-0.1806425469980915,221155
chatgpt,distinct_operands,vulns_total,0.24081679007691995,0.23725582430158385,0.24423020546283747,0.13941519127846383,0.13546569707610423,0.14346151550166356,221155
chatgpt,distinct_operands,vulns_high_sev,0.14162239492766038,0.13801003176869392,0.14507898007406186,0.06767633329292738,0.06419404611932295,0.07129156631844309,221155
chatgpt,total_operators,defects_total,0.3536790507906777,0.3499766855997989,0.35714715154672644,-0.024485602679060636,-0.029307776066659297,-0.019895923210151288,221155
chatgpt,total_operators,def_assignment,0.13495187738253245,0.13049847809999543,0.13926950829950366,-0.0645252302143492,-0.06966174395036136,-0.05890528794461244,221155
chatgpt,total_operators,def_algorithm,0.349455083517424,0.3460094192817004,0.35289414431962524,0.14325493099005154,0.1395515879967591,0.147332268102373,221155
chatgpt,total_operators,def_interface,0.10840371186898648,0.10425534598615821,0.11215382853877562,-0.015583106755660036,-0.019742627904017738,-0.01148078260976075,221155
chatgpt,total_operators,def_checking,0.17285032940779546,0.16891876133135109,0.17646402931567948,0.007400526146763955,0.0030162776948127108,0.011531827569541445,221155
chatgpt,total_operators,def_timing,0.03330971501365104,0.029612713130849174,0.03690320696388598,-0.06052210950891412,-0.0653313949298162,-0.055834595720605756,221155
chatgpt,total_operators,def_function_class_object,0.05702697810692859,0.05264591812378906,0.06141326213204958,-0.11704095004815201,-0.12301958631722547,-0.1105666337819539,221155
chatgpt,total_operators,vulns_total,0.1652883461787232,0.16132530763869737,0.16894164806901218,0.005511880012137924,0.0013918091809702712,0.009420805933557415,221155
chatgpt,total_operators,vulns_high_sev,0.10172050308269062,0.0981065152371565,0.10520353632049619,-0.007830409278167806,-0.01166281816891094,-0.004007551472788082,221155
chatgpt,total_operands,defects_total,0.3242706494230122,0.32041524947511424,0.3278915650029773,-0.01391135044576477,-0.018701305912983242,-0.009394878216613629,221155
chatgpt,total_operands,def_assignment,0.12681521866463694,0.12249342723550952,0.13114700622890452,-0.04550935302735729,-0.050397110023357256,-0.040448216793166535,221155
chatgpt,total_operands,def_algorithm,0.32821507992089716,0.32452558539711146,0.33190245897472165,0.13241218120696832,0.12825049922276005,0.13684044712566848,221155
chatgpt,total_operands,def_interface,0.1236712172568476,0.11982897736511136,0.127331852216432,0.023551036698261835,0.019617525341633132,0.027345586111114255,221155
chatgpt,total_operands,def_checking,0.16827138172785205,0.16411686391934188,0.1719450829060238,0.02261317899110533,0.018147168026380944,0.026930616139405488,221155
chatgpt,total_operands,def_timing,-0.0006745893273070668,-0.00506314595266691,0.003461024622252865,-0.0922900583060509,-0.09725396713380256,-0.08735555835892138,221155
chatgpt,total_operands,def_function_class_object,0.02820731607280431,0.023810134826115277,0.03257845950011939,-0.12772265389227652,-0.13298133953455912,-0.12210841530774849,221155
chatgpt,total_operands,vulns_total,0.19729371643811774,0.19347934624157706,0.20089788618783475,0.07260048288374849,0.06831801129166261,0.07674250297488924,221155
chatgpt,total_operands,vulns_high_sev,0.11971805413497397,0.11624254596934062,0.12313782860564908,0.032700829774470676,0.02925557859913059,0.03623230536484625,221155
chatgpt,halstead_v,defects_total,0.3522675493662233,0.3485988689095426,0.3557562594343046,-0.015015018431469086,-0.019897302101572496,-0.010459270170240516,221155
chatgpt,halstead_v,def_assignment,0.13650606725918146,0.13214149043179665,0.1408706297918254,-0.055571089733232895,-0.06081209805627122,-0.050338614811170156,221155
chatgpt,halstead_v,def_algorithm,0.34481892349244375,0.3414102527685855,0.3482626106872405,0.13967203912213721,0.13584993621531288,0.14365735391486126,221155
chatgpt,halstead_v,def_interface,0.11906434491835667,0.11504901430132511,0.12283098042823869,0.004684404816212403,0.00038442349835012706,0.008813151772890788,221155
chatgpt,halstead_v,def_checking,0.18095313585404454,0.17685676260516675,0.18449125292710808,0.024691170934323083,0.020212305275934952,0.028892564913531545,221155
chatgpt,halstead_v,def_timing,0.02215208490854121,0.018234279297309357,0.02593335645930566,-0.07432397870873364,-0.0791983148182463,-0.06949397603161124,221155
chatgpt,halstead_v,def_function_class_object,0.04749352237721736,0.04325999132855053,0.05188677212331765,-0.12541923336016195,-0.13098933413175384,-0.11931524924908772,221155
chatgpt,halstead_v,vulns_total,0.185718253607718,0.18192159980665276,0.18922695740158488,0.04207338745825294,0.037802218479054114,0.04605496733292293,221155
chatgpt,halstead_v,vulns_high_sev,0.1134385725931681,0.10992283979031939,0.11692092478734281,0.01352810950232685,0.009887029563600994,0.017316405185793964,221155
chatgpt,halstead_difficulty,defects_total,0.2988258373265958,0.2950467153199572,0.30272551053295166,-0.007574027414205411,-0.012328707815723412,-0.0030008544495787556,221155
chatgpt,halstead_difficulty,def_assignment,0.11056080589558398,0.10606402582837504,0.11507349770674931,-0.045473260984789265,-0.050585195576728734,-0.04046866692923801,221155
chatgpt,halstead_difficulty,def_algorithm,0.3299380365863043,0.3262759076191888,0.33353496293770146,0.15417310913464483,0.15042684733767028,0.15817733744051116,221155
chatgpt,halstead_difficulty,def_interface,0.058534986023291734,0.05463044878491407,0.06208932500764375,-0.0517143152413893,-0.05563220119307862,-0.047987355477617274,221155
chatgpt,halstead_difficulty,def_checking,0.09816815466761405,0.09417658962025857,0.10175254175440289,-0.05483959268441761,-0.05897719355428025,-0.05093129958496905,221155
chatgpt,halstead_difficulty,def_timing,-0.00032288136159391086,-0.0042806506540915236,0.0037686715651260145,-0.07775006935359476,-0.08205666137160275,-0.07316207927165441,221155
chatgpt,halstead_difficulty,def_function_class_object,0.09902585186353258,0.0945266750912118,0.10365579514616174,-0.011277578384571076,-0.017332141335004488,-0.005247168147506015,221155
chatgpt,halstead_difficulty,vulns_total,0.07896551961832922,0.07500637306807659,0.08271130713543345,-0.07326470646081197,-0.0774023229543647,-0.06917443715850646,221155
chatgpt,halstead_difficulty,vulns_high_sev,0.05234474950424975,0.04871663475283388,0.05589839791796865,-0.047206825290098633,-0.05111313831760302,-0.04359027289465865,221155
chatgpt,halstead_effort,defects_total,0.3561553239371172,0.3525141945495401,0.3597054138480076,-0.003928304793993859,-0.008944493537303505,0.0008282024558112889,221155
chatgpt,halstead_effort,def_assignment,0.14624561976044045,0.14190728184553328,0.1505861764932603,-0.03798666131256566,-0.04294749761470939,-0.032792690554125176,221155
chatgpt,halstead_effort,def_algorithm,0.3540707797086588,0.35055817361243746,0.3574637280354313,0.15627217138497357,0.1525297615134452,0.1603384483201508,221155
chatgpt,halstead_effort,def_interface,0.1014357453361017,0.09743357559844615,0.105194716950263,-0.021402328725019047,-0.025379934262433106,-0.017529051290522388,221155
chatgpt,halstead_effort,def_checking,0.1570573727735748,0.1530510923544642,0.16063260827605413,-0.011192879630254893,-0.015524769720057566,-0.007020920316187041,221155
chatgpt,halstead_effort,def_timing,0.01834020727994116,0.01439395941598497,0.022148148165691217,-0.07877365218008753,-0.08337985112883617,-0.07396650986354085,221155
chatgpt,halstead_effort,def_function_class_object,0.08009414030071876,0.07576027552782391,0.084693122116551,-0.0724319179787471,-0.07833298879377039,-0.06609502425272845,221155
chatgpt,halstead_effort,vulns_total,0.15317419671522042,0.1493559385867881,0.15675179199064865,-0.007478687764381666,-0.011772003248152195,-0.003648998706378564,221155
chatgpt,halstead_effort,vulns_high_sev,0.09582504659832476,0.09231512078328759,0.09913648701871366,-0.012675645344475035,-0.016291517507671077,-0.00897653036867051,221155
chatgpt,mi,defects_total,-0.34887412669741685,-0.35241224612835925,-0.3450067070011803,0.051889170516602946,0.04710548026885697,0.05689603534872201,221155
chatgpt,mi,def_assignment,-0.12530803989628378,-0.1299126074396112,-0.1208819428033384,0.09094943014428428,0.08490635531262519,0.09678489579902712,221155
chatgpt,mi,def_algorithm,-0.339973810362896,-0.3434031141354261,-0.33639289552816815,-0.12077526944747236,-0.12506229111210262,-0.11668811186294197,221155
chatgpt,mi,def_interface,-0.11166908894119838,-0.11538103408714624,-0.1075882261353371,0.015772394338314597,0.011252083242842423,0.020386241463076816,221155
chatgpt,mi,def_checking,-0.19140345306242712,-0.19489095085680316,-0.1876025873327893,-0.03179677263409305,-0.03605033670698906,-0.027088693453138805,221155
chatgpt,mi,def_timing,-0.030989455982089825,-0.03498750292028267,-0.02702993866501869,0.06983015838054318,0.06446481665320433,0.07545551371452416,221155
chatgpt,mi,def_function_class_object,-0.027782364432148505,-0.031996374824373695,-0.023431366016321148,0.176174305448655,0.1694537550138363,0.18236087961442263,221155
chatgpt,mi,vulns_total,-0.17642450531903778,-0.18021586306374174,-0.17254859183563995,-0.017573690660530134,-0.022088636260599554,-0.012956802330951162,221155
chatgpt,mi,vulns_high_sev,-0.10110072902452484,-0.10478498159299818,-0.09739451643450647,0.013675369881101754,0.009105332868138702,0.018014148433782944,221155
chatgpt,naturalness,defects_total,0.13396512320978543,0.13002608011217645,0.137910154165994,0.05467966973887665,0.05068652745775382,0.05866488713976971,221155
chatgpt,naturalness,def_assignment,0.0945013106776955,0.09045665055787552,0.09859801797952938,0.055643161968558785,0.05164381928806294,0.05960066419871524,221155
chatgpt,naturalness,def_algorithm,0.10445902344738699,0.10056188558410903,0.108190346978326,0.045575635023945946,0.04200136201965518,0.04917479421471166,221155
chatgpt,naturalness,def_interface,-0.09618780337983712,-0.09995011877808398,-0.09252887569155975,-0.12766961808313432,-0.13164432494674597,-0.12387026910165368,221155
chatgpt,naturalness,def_checking,-0.00702989319105748,-0.010632258544540899,-0.003347165180197367,-0.04868272939971435,-0.052205667202074084,-0.044653135424344716,221155
chatgpt,naturalness,def_timing,0.06168044562053852,0.05743979495255268,0.06592234972622456,0.04579969219928467,0.04148762643617994,0.05031218844443091,221155
chatgpt,naturalness,def_function_class_object,0.13113956872028645,0.12753812570530879,0.13504754968885507,0.10367274059043885,0.09995442680339602,0.10753643431147188,221155
chatgpt,naturalness,vulns_total,-0.06961513522224676,-0.07302090966732754,-0.06613849105849777,-0.1121162141657259,-0.1157336877225788,-0.10847287363588579,221155
chatgpt,naturalness,vulns_high_sev,-0.09726141339972355,-0.10082599027099545,-0.09373609930534968,-0.12570173494337333,-0.12945762609968006,-0.12199800981068855,221155
dsc,sample_nloc,defects_total,0.5394492430137808,0.536506855399586,0.5425392063853529,nan,nan,nan,198180
dsc,sample_nloc,def_assignment,0.1388327225496936,0.13475923630198522,0.14293241339099141,nan,nan,nan,198180
dsc,sample_nloc,def_algorithm,0.1588307578225789,0.15458972828172657,0.16307476944309465,nan,nan,nan,198180
dsc,sample_nloc,def_interface,0.2020141008267141,0.1984557369409691,0.2059299503615634,nan,nan,nan,198180
dsc,sample_nloc,def_checking,0.37287992867319736,0.3692674873906672,0.376557420935441,nan,nan,nan,198180
dsc,sample_nloc,def_timing,0.12457706689562062,0.12089268757630513,0.1286958623031132,nan,nan,nan,198180
dsc,sample_nloc,def_function_class_object,0.2774338659246578,0.27333091293988565,0.2812815325266505,nan,nan,nan,198180
dsc,sample_nloc,vulns_total,0.3783382523258493,0.37452751064552015,0.3820714844955158,nan,nan,nan,198180
dsc,sample_nloc,vulns_high_sev,0.14629561113293335,0.14240471816746203,0.1501248754755242,nan,nan,nan,198180
dsc,nloc,defects_total,0.10118257308834341,0.0968652335428868,0.10582057433424513,-0.17946304438727337,-0.18404383685841885,-0.1745944600311195,198180
dsc,nloc,def_assignment,0.05204140228230489,0.04747960282840564,0.05660111273749437,-0.010045078306070297,-0.014502124835121121,-0.0055973043869677365,198180
dsc,nloc,def_algorithm,0.239642789504571,0.2357245353533132,0.24355443120697032,0.19152849588588797,0.1873049992468863,0.19555788063658966,198180
dsc,nloc,def_interface,0.1701058537569525,0.16616062360808606,0.17436794829894145,0.09248887016266394,0.08885762373194843,0.09667211792488278,198180
dsc,nloc,def_checking,0.20690781735072072,0.20280199888315595,0.21120086193798313,0.05174141274719303,0.04712270702612216,0.05644823927920728,198180
dsc,nloc,def_timing,-0.012913566880181379,-0.01697489560102588,-0.008585123605510366,-0.07587161544042433,-0.07993343297863591,-0.07158973743558172,198180
dsc,nloc,def_function_class_object,-0.23834279596864366,-0.24187692794791169,-0.2344698274883995,-0.41732399589868596,-0.4210477698289327,-0.41330748545879575,198180
dsc,nloc,vulns_total,0.191159258255272,0.18700485584541715,0.19536783442441805,0.030044514873515435,0.025376504404329,0.03459941145470586,198180
dsc,nloc,vulns_high_sev,0.1265542164392269,0.12221563954079412,0.13058026427197209,0.0700991776236686,0.06637390028351839,0.07391017104412095,198180
dsc,ccn,defects_total,0.074252343620175,0.06973281086672158,0.07887933014570617,-0.1200796480104316,-0.12456483052224288,-0.11558393129436015,198180
dsc,ccn,def_assignment,0.04451374033908691,0.040494976527808715,0.04881027156893203,0.0007573551180911583,-0.0033851181426120115,0.0049432488490557345,198180
dsc,ccn,def_algorithm,0.2621588395803269,0.2580666015668515,0.26620582392771147,0.22633379718381538,0.22217804909870034,0.23061030543610603,198180
dsc,ccn,def_interface,0.08014520176958737,0.07623664325312104,0.08423678931596756,0.01765656279614154,0.01396894547137332,0.02165879760141889,198180
dsc,ccn,def_checking,0.10312482145209255,0.09905697772885168,0.10741693206033005,-0.016490411760083513,-0.021010108316689806,-0.011902423557456483,198180
dsc,ccn,def_timing,-0.000946747963813556,-0.004528813665584881,0.0028975037779450214,-0.042750598042686425,-0.04673298726902142,-0.03900950876437397,198180
dsc,ccn,def_function_class_object,-0.14819505183678747,-0.15194924074187005,-0.14433220535367258,-0.258563804798981,-0.26239628789914565,-0.2546282167036376,198180
dsc,ccn,vulns_total,0.04948237957518556,0.045057676257100054,0.05355445915067599,-0.07955948842486857,-0.08395932726770676,-0.0753295603813032,198180
dsc,ccn,vulns_high_sev,0.05828522114533349,0.0543689655273637,0.06228900313295115,0.012920463360718636,0.009154563760637193,0.01677639625475095,198180
dsc,parameter_count,defects_total,-0.09043169676621968,-0.09472902729842872,-0.08586554799364746,-0.06299985195228404,-0.06727834090368091,-0.058506213308792396,198180
dsc,parameter_count,def_assignment,0.00989843968921772,0.005131779833078449,0.014702380211341567,0.019791931392994344,0.015131739787063711,0.02449817729113818,198180
dsc,parameter_count,def_algorithm,0.03803223915857462,0.033476608992777025,0.04220596741181843,0.049828901948072456,0.045246601524266995,0.054127609717941845,198180
dsc,parameter_count,def_interface,-0.0011917524687036025,-0.005309084631134856,0.0029687303180080836,0.01315872840878711,0.008940536129419592,0.017393658545096467,198180
dsc,parameter_count,def_checking,-0.04794852880784078,-0.05180336275620173,-0.04377345106837231,-0.023787602949411846,-0.027856236237203985,-0.01959619490822984,198180
dsc,parameter_count,def_timing,-0.0493806027484455,-0.05364359491867802,-0.045100296580821805,-0.04113682780975823,-0.04541031256472458,-0.03666550303289596,198180
dsc,parameter_count,def_function_class_object,-0.1373918081408056,-0.14180380160169287,-0.13317992722456712,-0.12322289853372188,-0.12771938788675455,-0.11923445368895194,198180
dsc,parameter_count,vulns_total,-0.04239489002435176,-0.04629067925209555,-0.03828275260565035,-0.017419242297743075,-0.021260422269989615,-0.01340267612504326,198180
dsc,parameter_count,vulns_high_sev,0.026915503297913795,0.022781724163246458,0.031157987319031827,0.03758320857101302,0.03333788683113437,0.041737576779803214,198180
dsc,max_nesting_depth,defects_total,0.09034432106332893,0.08622576037017297,0.09493493086683964,-0.08504303697745096,-0.08925412082183891,-0.08036506141583134,198180
dsc,max_nesting_depth,def_assignment,0.05229819431560438,0.04824586070685433,0.05673859679583382,0.012081567184321133,0.007949064612040929,0.016160379750548567,198180
dsc,max_nesting_depth,def_algorithm,0.23156184159138155,0.22768033802839344,0.23543286280823933,0.19586472680418657,0.19176607859063197,0.19984547299629635,198180
dsc,max_nesting_depth,def_interface,0.11130022120429559,0.10706760542665845,0.11560246402513934,0.055384708803173116,0.051300178409717734,0.059397276218726695,198180
dsc,max_nesting_depth,def_checking,0.12722192434429008,0.12300436873069713,0.1313844448925687,0.01969999346354032,0.015162070833788855,0.024118292269040553,198180
dsc,max_nesting_depth,def_timing,0.0606602703431813,0.05670808045039534,0.06479796897038724,0.02530180271564361,0.02098314845984853,0.029666637283062014,198180
dsc,max_nesting_depth,def_function_class_object,-0.1586950066127675,-0.162622785441474,-0.15482711827505494,-0.2617708184620551,-0.2656214734698153,-0.2578253619465284,198180
dsc,max_nesting_depth,vulns_total,0.09028244512965182,0.08599945873371756,0.09466451469518895,-0.023824452859363347,-0.028093170425047928,-0.019236408357865047,198180
dsc,max_nesting_depth,vulns_high_sev,0.07945539022804311,0.07475170259184771,0.08374079417623702,0.038496307575541955,0.034207920024871136,0.042552984580661216,198180
dsc,distinct_operators,defects_total,0.04463342713393056,0.04026301509151819,0.04952094549851051,-0.10867603105614088,-0.11304340257077813,-0.10384635951685908,198180
dsc,distinct_operators,def_assignment,0.025400856473469575,0.02077981955057313,0.02997235128558505,-0.009280870623466502,-0.013756132022999409,-0.004650965028859061,198180
dsc,distinct_operators,def_algorithm,0.1954347569544777,0.1911621324685193,0.1996039909227582,0.16325738290132705,0.15872738210402026,0.1672931778690843,198180
dsc,distinct_operators,def_interface,0.11660974198858266,0.11280804717111224,0.12075705497856484,0.07027350633194814,0.06641485724648047,0.0742870640164036,198180
dsc,distinct_operators,def_checking,0.17189648197482627,0.167601133364816,0.17625419502554004,0.08870442355197201,0.08394583577253281,0.09325184732831335,198180
dsc,distinct_operators,def_timing,-0.01519181802197388,-0.01949411912667911,-0.01076981977903996,-0.04781990624245787,-0.0521453270778422,-0.04358789473727366,198180
dsc,distinct_operators,def_function_class_object,-0.2188399438156163,-0.22266556104871496,-0.21451479259298462,-0.3087130404518394,-0.3128259770336439,-0.3045422270457952,198180
dsc,distinct_operators,vulns_total,0.1347984334363719,0.1306315892034287,0.13920356562601252,0.0460529227184352,0.041626701715886054,0.050409725839171714,198180
dsc,distinct_operators,vulns_high_sev,0.0689696957361554,0.06499596272360393,0.07280889843140206,0.03423745541640816,0.030650428782319394,0.038037187688350786,198180
dsc,distinct_operands,defects_total,0.0881254165741782,0.08369712652445967,0.09289662640968228,-0.11586775856375214,-0.12066817548888628,-0.11100784537925852,198180
dsc,distinct_operands,def_assignment,0.03661480889816486,0.0320627480841156,0.041170650460174235,-0.010426782332479023,-0.01510096322119598,-0.005981168543479983,198180
dsc,distinct_operands,def_algorithm,0.16727907992996646,0.16302103754039104,0.17123401980416098,0.12276695915920342,0.11868129392599398,0.12664288854154257,198180
dsc,distinct_operands,def_interface,0.19660568007780213,0.19265597822623245,0.2005954313533324,0.13991078335823126,0.13614034071589598,0.14392033964465567,198180
dsc,distinct_operands,def_checking,0.30183827454567685,0.29775488825351953,0.30581427547731466,0.20277368597956952,0.19845938633355892,0.20711348570603483,198180
dsc,distinct_operands,def_timing,-0.0059555502783045335,-0.010029635419549978,-0.0014222574817381697,-0.05083432635517852,-0.05482922165251911,-0.046332854725689494,198180
dsc,distinct_operands,def_function_class_object,-0.3054394676819546,-0.3091272332302386,-0.3016245190716291,-0.43953978203813143,-0.4432705946079847,-0.43572143760501114,198180
dsc,distinct_operands,vulns_total,0.3074932175642036,0.3034868533433352,0.31158383179992477,0.20765078101449466,0.2031719169634543,0.21223967365037377,198180
dsc,distinct_operands,vulns_high_sev,0.15882693105391948,0.15504226852047362,0.16245660937719802,0.1179504588152925,0.11439962907199844,0.1216719427506516,198180
dsc,total_operators,defects_total,0.07332236538816418,0.06882326098383786,0.07804370307746075,-0.16780610898395495,-0.17258219563714028,-0.16276401587906889,198180
dsc,total_operators,def_assignment,0.033514923084868656,0.029001182473791316,0.038106092885344243,-0.020743880815354502,-0.025184247436676122,-0.01611268513900637,198180
dsc,total_operators,def_algorithm,0.23790408861312065,0.23375304530843863,0.2418559835616789,0.19455765425367022,0.1904385245688655,0.19850067228173524,198180
dsc,total_operators,def_interface,0.14951889477090013,0.14552711032437693,0.15363101543235536,0.08061402277351311,0.07677387082880822,0.0846024433272424,198180
dsc,total_operators,def_checking,0.19250240654835754,0.18855228097262042,0.19660852727304182,0.05986131930947426,0.055285558109740014,0.06468622261481928,198180
dsc,total_operators,def_timing,-0.00944492683136704,-0.013611666836074232,-0.005132245376759594,-0.06160602905326394,-0.06580411484966259,-0.05731859207948904,198180
dsc,total_operators,def_function_class_object,-0.2520956576061507,-0.2557267035489994,-0.2479325273885955,-0.40150984568510184,-0.4053089515635826,-0.3973154275665626,198180
dsc,total_operators,vulns_total,0.18406970082053783,0.17979349568285563,0.18798510756758802,0.0477524916468247,0.04319414903114911,0.05226389703108783,198180
dsc,total_operators,vulns_high_sev,0.11515828380768836,0.11107147551506218,0.11891655301888064,0.06530994552742725,0.06164598266360357,0.06903183951585162,198180
dsc,total_operands,defects_total,0.07590492611607287,0.07153211856713021,0.08066476816769554,-0.14052712276070456,-0.1453213242478399,-0.13560616517078453,198180
dsc,total_operands,def_assignment,0.02659401097206375,0.02202599675558613,0.031145426712209153,-0.023151484637691636,-0.027715258390619866,-0.018589534626331297,198180
dsc,total_operands,def_algorithm,0.20207126847032303,0.19768610902634304,0.20617995455039864,0.1587656373176989,0.15451413895681024,0.16303657777224886,198180
dsc,total_operands,def_interface,0.16511254419565685,0.1610361366507124,0.16919902080157873,0.10353626773925304,0.09977836994719907,0.10746567894264551,198180
dsc,total_operands,def_checking,0.2355810386258638,0.23155509393682117,0.23967432640691888,0.12222974828982722,0.11779078319275187,0.1268175021124345,198180
dsc,total_operands,def_timing,-0.01835766142732566,-0.02275458518867953,-0.01377198563376233,-0.0660966671440019,-0.07036861651942276,-0.06164970855831899,198180
dsc,total_operands,def_function_class_object,-0.27303103206148327,-0.2767271314097124,-0.26891446995833046,-0.40960697332387636,-0.4133687654318861,-0.40556476017053805,198180
dsc,total_operands,vulns_total,0.24214657622055635,0.23811594055140803,0.24620783348019792,0.1279050433682894,0.12364708160863304,0.1324866845650437,198180
dsc,total_operands,vulns_high_sev,0.13680659306589651,0.1328204445084239,0.14054645226634405,0.09280454596284575,0.08921422017575865,0.09642463557907341,198180
dsc,halstead_v,defects_total,0.08354475990376065,0.07919873203999445,0.08836166130368034,-0.15669171783387117,-0.16146086780500066,-0.1516675080961384,198180
dsc,halstead_v,def_assignment,0.03541862933295666,0.030791158453556195,0.039982604365416674,-0.01908732504886349,-0.023620888552442394,-0.014398130976930597,198180
dsc,halstead_v,def_algorithm,0.22661898667984076,0.22253137261660813,0.23066778107488717,0.181964749864992,0.17786903056857287,0.18592812428844915,198180
dsc,halstead_v,def_interface,0.16255873180199235,0.15877005080435505,0.16658709581451056,0.09452238459307975,0.0908006126127141,0.09847272035757546,198180
dsc,halstead_v,def_checking,0.22445287999538982,0.22033642260809336,0.22845987416931843,0.09603204251897009,0.09158616982358414,0.10085603992534367,198180
dsc,halstead_v,def_timing,-0.01190976885296553,-0.016174942926596644,-0.007446766095841957,-0.06472153487667057,-0.06900149396332297,-0.06035451815849208,198180
dsc,halstead_v,def_function_class_object,-0.26334349985060007,-0.26697466385448243,-0.259197989924904,-0.4154612571284929,-0.4192480321259132,-0.4113009125817804,198180
dsc,halstead_v,vulns_total,0.2213578104012452,0.21718560947057125,0.22533957733242604,0.0902152686876081,0.08572094569497188,0.09476999998742569,198180
dsc,halstead_v,vulns_high_sev,0.1291142452930453,0.125111273994081,0.13284228745266657,0.0802244902627799,0.07665299116062846,0.08390780620474583,198180
dsc,halstead_difficulty,defects_total,0.029967971152283408,0.02561466319486423,0.035158831450672404,-0.12766938997580174,-0.1322900448304372,-0.12288835874854914,198180
dsc,halstead_difficulty,def_assignment,0.0015007098876973983,-0.003117039690540354,0.005953325207412891,-0.03441259725854141,-0.038939002326012016,-0.029553891855699316,198180
dsc,halstead_difficulty,def_algorithm,0.22050114657716705,0.2160302380484908,0.22447972625403254,0.18928846067922364,0.18477423720736394,0.19345465589456026,198180
dsc,halstead_difficulty,def_interface,0.07708292263206375,0.07358508924308553,0.08110900641656325,0.028321743655420638,0.02468108144454818,0.03223916904790462,198180
dsc,halstead_difficulty,def_checking,0.09126992615602844,0.08740976756552232,0.09588677603075181,-0.0015786475002909789,-0.005852710600897194,0.003059623050168768,198180
dsc,halstead_difficulty,def_timing,-0.027821242119336384,-0.0325631247758722,-0.02317800935059473,-0.061169538087331415,-0.06544699086170423,-0.056813534005563465,198180
dsc,halstead_difficulty,def_function_class_object,-0.17980799863251204,-0.1837248767469289,-0.17511329370490392,-0.26732649265166863,-0.2714955038138873,-0.2630584082555881,198180
dsc,halstead_difficulty,vulns_total,0.06740308549189923,0.06345687533293186,0.071810367786373,-0.029714560191845606,-0.03416883595534828,-0.025229841407091502,198180
dsc,halstead_difficulty,vulns_high_sev,0.04847732672454685,0.04463421277917684,0.05212293935983907,0.012640326466903145,0.009085072430995364,0.016243260923514077,198180
dsc,halstead_effort,defects_total,0.09121919334459977,0.0869388066596081,0.09602745735201774,-0.15056310496895717,-0.1553512476715817,-0.14557814246252063,198180
dsc,halstead_effort,def_assignment,0.03795636790610758,0.03337652731765553,0.04262361643268915,-0.01709686018181799,-0.02170735903028492,-0.012349948306292675,198180
dsc,halstead_effort,def_algorithm,0.23859198866080572,0.23425181604328607,0.2425958735500718,0.19465643120900106,0.19030448418020193,0.198644834080975,198180
dsc,halstead_effort,def_interface,0.13825482377714682,0.134519208718216,0.1422489551172763,0.06673545547231356,0.06310243419773573,0.07063685545164804,198180
dsc,halstead_effort,def_checking,0.18988357131913194,0.1859056836263482,0.19411795154729664,0.053723533418840036,0.049379409560085005,0.058379389538407454,198180
dsc,halstead_effort,def_timing,-0.011853640479740357,-0.01611025790697226,-0.007331481539449304,-0.06547038880291792,-0.06979654138062387,-0.06127143022334427,198180
dsc,halstead_effort,def_function_class_object,-0.2169675944869259,-0.22087544238611453,-0.21264191277568825,-0.3655890990204201,-0.36953274588353413,-0.361312186791908,198180
dsc,halstead_effort,vulns_total,0.17843473175039629,0.17432709268931595,0.18260193923444978,0.03797862211503913,0.033531570402214904,0.04254258182528116,198180
dsc,halstead_effort,vulns_high_sev,0.10548572751264858,0.10152480534879314,0.10925918763240575,0.05372443382364234,0.05019847776116731,0.057338903161544844,198180
dsc,mi,defects_total,-0.054684341241249323,-0.059266978313503915,-0.050183037944456846,0.17823077414859612,0.17315734324530868,0.18282811101402927,198180
dsc,mi,def_assignment,-0.026106068743859488,-0.03074438358077848,-0.021523310132412935,0.025972821238357587,0.021444832065584073,0.030726189815020264,198180
dsc,mi,def_algorithm,-0.22908417502586445,-0.23296385225613456,-0.2248454412171498,-0.18654964622018358,-0.19056480162672332,-0.18218791098100343,198180
dsc,mi,def_interface,-0.158609865220521,-0.16288704815419586,-0.15463088554548848,-0.09384423115068376,-0.0980703338786099,-0.08986028485130672,198180
dsc,mi,def_checking,-0.19218254823928163,-0.19664784193351473,-0.18820429029193567,-0.06660428025506654,-0.07150221899926729,-0.061819004711996965,198180
dsc,mi,def_timing,0.024415714939340975,0.020098671704595415,0.02852449168666922,0.07496100988798454,0.07083579401225736,0.07913399813221286,198180
dsc,mi,def_function_class_object,0.28023959985265323,0.27645106679287984,0.28379318848036567,0.4244820035847306,0.42046985330897046,0.4283524384744066,198180
dsc,mi,vulns_total,-0.1803284250670938,-0.18459269362049338,-0.17622171275053194,-0.05075104807177179,-0.055353831587958174,-0.04629473859238346,198180
dsc,mi,vulns_high_sev,-0.12143650317426524,-0.1253402892369145,-0.1171732653573053,-0.07440842241019029,-0.07836583733173065,-0.07049779313717092,198180
dsc,naturalness,defects_total,-0.1613723084992785,-0.16539116266905862,-0.15726377949536216,-0.07459567938634667,-0.07901628197268229,-0.0702096755568235,198180
dsc,naturalness,def_assignment,0.03384769637797604,0.02936144829852222,0.03805363228429309,0.06112516981054533,0.05675770749653678,0.0653807799498737,198180
dsc,naturalness,def_algorithm,0.055639170944610836,0.0515122609226977,0.059321022170142776,0.08757647322112334,0.08327468629094917,0.09120554173748235,198180
dsc,naturalness,def_interface,-0.14334132411630027,-0.14668563981992094,-0.13978890773860372,-0.11015456725472236,-0.11352762528510776,-0.1066845638345797,198180
dsc,naturalness,def_checking,-0.1557742959348301,-0.15975574073695525,-0.15174333672100393,-0.09529334476780923,-0.09913227182642051,-0.09105125377498799,198180
dsc,naturalness,def_timing,-0.04452179588885806,-0.048683134775879225,-0.04044811515076281,-0.02205951452508812,-0.02620862969470313,-0.018021576724025313,198180
dsc,naturalness,def_function_class_object,-0.10415191138435005,-0.10816143860650743,-0.09982417461316287,-0.05603272725930586,-0.06023143108916161,-0.05142376857936635,198180
dsc,naturalness,vulns_total,-0.20351516168527428,-0.20736116640045746,-0.19987960950630923,-0.14689035728377325,-0.15089042360708302,-0.142858563171828,198180
dsc,naturalness,vulns_high_sev,-0.11677911881047594,-0.1203273031960974,-0.11348075782238981,-0.09232150497616942,-0.09578140751638224,-0.08888792402853735,198180
qwen,sample_nloc,defects_total,0.4101863516139217,0.4062747718652545,0.4138744256434876,nan,nan,nan,217054
qwen,sample_nloc,def_assignment,0.14545766765420567,0.14059664440596895,0.14998120863619224,nan,nan,nan,217054
qwen,sample_nloc,def_algorithm,0.32341470272403444,0.32028940323989247,0.3267938575950123,nan,nan,nan,217054
qwen,sample_nloc,def_interface,0.058125551682269475,0.055005946405776524,0.06118333293496508,nan,nan,nan,217054
qwen,sample_nloc,def_checking,0.23041335361005136,0.22693716879720668,0.23422071488373578,nan,nan,nan,217054
qwen,sample_nloc,def_timing,0.08008994033434451,0.07623335925111634,0.08380301903269688,nan,nan,nan,217054
qwen,sample_nloc,def_function_class_object,0.10380428522924362,0.0996052385227884,0.10790070687408494,nan,nan,nan,217054
qwen,sample_nloc,vulns_total,0.236057071864776,0.23291847893375275,0.23898000456909452,nan,nan,nan,217054
qwen,sample_nloc,vulns_high_sev,0.07044645081598447,0.067235212085961,0.07364868139319031,nan,nan,nan,217054
qwen,nloc,defects_total,0.3354846924645528,0.33176545150094866,0.3391254465807481,-0.03081215069347951,-0.0356925207312515,-0.025800437645345044,217054
qwen,nloc,def_assignment,0.08732252316399422,0.08275713907928527,0.09167268400117962,-0.07146709827634912,-0.07607458539869145,-0.06674677004075076,217054
qwen,nloc,def_algorithm,0.338793278761603,0.3354986495953792,0.3420198501256541,0.1272582433242761,0.12317115427373519,0.1312622878764635,217054
qwen,nloc,def_interface,0.05232511436920324,0.04916376549810679,0.055493532896105625,0.005211893128568562,0.0007760057859379826,0.009652610915211773,217054
qwen,nloc,def_checking,0.19503959954631586,0.1914235892364214,0.19877263283340077,-0.003225608454670189,-0.008276642232722654,0.0015945577426510797,217054
qwen,nloc,def_timing,0.07246767893879835,0.06876376083280539,0.07616893554825009,0.007904886321339876,0.0033214847301549014,0.012219223791012332,217054
qwen,nloc,def_function_class_object,0.016137653674970037,0.01183288750781525,0.020200354883208406,-0.13985517560285524,-0.14627553127036844,-0.13358196393838212,217054
qwen,nloc,vulns_total,0.21002532642500465,0.20665828726917704,0.21313567735840694,0.01685567298680802,0.012119202981117618,0.021660569269809575,217054
qwen,nloc,vulns_high_sev,0.07913602093451591,0.07598218082099067,0.08238987669915362,0.036570315644006764,0.03277427491673827,0.04016084733947994,217054
qwen,ccn,defects_total,0.3229721317809703,0.3192475352952789,0.32701750587571565,0.04977484303427012,0.044847221517498405,0.05480955783416861,217054
qwen,ccn,def_assignment,0.09674592942339266,0.09256583595494611,0.10096680622407968,-0.009232777269173001,-0.013094217972027498,-0.005352507247337632,217054
qwen,ccn,def_algorithm,0.35380832991434,0.35001719229889944,0.3574444623288248,0.18649895412801157,0.1823314903332433,0.19088311506412683,217054
qwen,ccn,def_interface,0.03791827742807645,0.034373093236298016,0.04152079070604268,-0.004710694896686586,-0.008913798819943412,-0.0009173155884603699,217054
qwen,ccn,def_checking,0.16578669253503028,0.16184895431857094,0.1697582495627383,0.0034071866089151253,-0.0014598692717792741,0.007820983458414489,217054
qwen,ccn,def_timing,0.0751934175687521,0.07142723109727142,0.07926004008354805,0.026160539582856853,0.022255038315569797,0.030242418577054744,217054
qwen,ccn,def_function_class_object,0.004418132343255343,6.373700931752803e-05,0.008633858945442822,-0.09873896176553827,-0.10429288971086748,-0.09292391056221101,217054
qwen,ccn,vulns_total,0.1531334045222083,0.1492468754202486,0.15692128652138573,-0.02090774827776714,-0.02516096542849305,-0.016237833503317124,217054
qwen,ccn,vulns_high_sev,0.03352031963834991,0.02983628507612509,0.037349827327416714,-0.023400993815774904,-0.027876101736323034,-0.019137155953408532,217054
qwen,parameter_count,defects_total,0.03614964978604103,0.03213307619535639,0.04042083858540165,0.05859180978521594,0.05459051296365611,0.06259613966925123,217054
qwen,parameter_count,def_assignment,0.08027975462931675,0.07627334392108838,0.08467242150486216,0.08739885920443184,0.08332379453262627,0.09169472188406667,217054
qwen,parameter_count,def_algorithm,0.03602643201877701,0.031714008834347336,0.04013521666692909,0.05248309564164803,0.048267618722758754,0.05677114971382243,217054
qwen,parameter_count,def_interface,-0.012969064795713511,-0.016772000401119043,-0.008792439190799308,-0.010553363825747415,-0.014392954765573255,-0.006414868966478458,217054
qwen,parameter_count,def_checking,-0.012867189951547854,-0.016718745617373642,-0.009096410636952837,-0.003274492225345319,-0.007120326221267996,0.00046247533295172105,217054
qwen,parameter_count,def_timing,-0.07591923527348433,-0.08030980160464468,-0.07187731956843463,-0.07285146692100027,-0.07712841044896512,-0.0687447295241152,217054
qwen,parameter_count,def_function_class_object,0.028411926989169264,0.02442626535821265,0.03274959231081303,0.03298168539855905,0.02894264085379538,0.037238324264386106,217054
qwen,parameter_count,vulns_total,-0.019134545583290242,-0.02324668082542999,-0.015458333222891862,-0.009490081009563767,-0.013616922574160587,-0.005899010675173862,217054
qwen,parameter_count,vulns_high_sev,0.004351081338414644,0.0005432463953181867,0.008083202836560293,0.007336438817501253,0.003535267528691704,0.011009220023824876,217054
qwen,max_nesting_depth,defects_total,0.340117721240483,0.33634261752533795,0.34416682080685973,0.08901837663283944,0.08408861144382192,0.09393091655331734,217054
qwen,max_nesting_depth,def_assignment,0.09746824636090712,0.09323114531904998,0.1017767268018188,-0.003006833397943689,-0.0070387212874386115,0.0011165718905410277,217054
qwen,max_nesting_depth,def_algorithm,0.3215420817457093,0.31757986631418456,0.32506047455852505,0.14506590905652716,0.14074973306993876,0.14925189292354382,217054
qwen,max_nesting_depth,def_interface,0.04572122213668329,0.04188943771728991,0.04964435294154182,0.008120625883189125,0.003920852788443037,0.012323280463832024,217054
qwen,max_nesting_depth,def_checking,0.17486657876661701,0.17096073548484908,0.17870588792093708,0.02403246111099699,0.01911785392197388,0.02847661210650485,217054
qwen,max_nesting_depth,def_timing,0.17585924420013044,0.1724625093965261,0.17975725425405817,0.16661480220454633,0.16190957830634337,0.17177252536982338,217054
qwen,max_nesting_depth,def_function_class_object,0.004736508931687965,0.0004054796098597097,0.009347629544397778,-0.09158845345880043,-0.09747020723099808,-0.08574769619338361,217054
qwen,max_nesting_depth,vulns_total,0.17411551699029718,0.16988536532999127,0.1781362151870277,0.01754464061256129,0.012530144274938232,0.022552330004290966,217054
qwen,max_nesting_depth,vulns_high_sev,0.04087862714416634,0.03682272928133528,0.04473532818940689,-0.010148984366215075,-0.014734000251407897,-0.0058106779769898,217054
qwen,distinct_operators,defects_total,0.284060002040533,0.2805293517256795,0.28799156180640795,-0.0032160651342849635,-0.007827718132854494,0.0014376255205474254,217054
qwen,distinct_operators,def_assignment,0.06946137149858422,0.06492418967985446,0.07367516162424129,-0.04516641327357006,-0.04938351029937782,-0.040738280486931226,217054
qwen,distinct_operators,def_algorithm,0.28244908788229967,0.27868261867810157,0.285752468207097,0.08381608221186175,0.07994964563377757,0.0877366978298185,217054
qwen,distinct_operators,def_interface,0.038428331332217146,0.035423202073882255,0.04157568107646652,-0.002967166633564414,-0.006898818139805132,0.000904904503894154,217054
qwen,distinct_operators,def_checking,0.16708473036014637,0.16351628107258123,0.1709839221137013,0.0090934750230873,0.004343221420272709,0.013682330014547581,217054
qwen,distinct_operators,def_timing,0.059661146075826656,0.05604907382893946,0.0632623833436076,0.005303369213482031,0.0011859024205579526,0.009343273524902409,217054
qwen,distinct_operators,def_function_class_object,0.04456846907847104,0.04036286976775917,0.04889701294778273,-0.039082319209723645,-0.04527887419579616,-0.03320246392579255,217054
qwen,distinct_operators,vulns_total,0.15690707265333959,0.1533928617290427,0.1601793493882747,-0.011168000448165143,-0.015440546569943892,-0.006910896368390908,217054
qwen,distinct_operators,vulns_high_sev,0.058622919278836075,0.05537478435194119,0.061818216433762306,0.01326041281135058,0.009789166918558545,0.01666277784659111,217054
qwen,distinct_operands,defects_total,0.2918016855530463,0.28776139158640573,0.29589210309342595,0.051825546538267736,0.047188997936590066,0.05675664346344504,217054
qwen,distinct_operands,def_assignment,0.07780580486437239,0.07336484842942469,0.08219078230075347,-0.01616530553830748,-0.020416131212532437,-0.011925232955888074,217054
qwen,distinct_operands,def_algorithm,0.2985090720017741,0.2948580203646039,0.30186193693765795,0.13166069731566274,0.12802998661374682,0.13531331565712898,217054
qwen,distinct_operands,def_interface,0.05911587769083526,0.05551644477852754,0.0627286142830952,0.029415480350142797,0.02571192174845738,0.03319367075629579,217054
qwen,distinct_operands,def_checking,0.2182731830192327,0.21465633552094548,0.22193172215697665,0.09856089204960514,0.09420690052745237,0.10259074730878871,217054
qwen,distinct_operands,def_timing,0.013449796715340268,0.009501496822516909,0.01762698133388395,-0.04645530979688118,-0.050763582801139,-0.04213163872337083,217054
qwen,distinct_operands,def_function_class_object,-0.02167069614695212,-0.026057345824822213,-0.017522729673149592,-0.11050631286307586,-0.11610794607071877,-0.10511170367626309,217054
qwen,distinct_operands,vulns_total,0.23421024065720164,0.23072934843474555,0.23754190289651145,0.11502156139304726,0.11127325543767155,0.11886354513668755,217054
qwen,distinct_operands,vulns_high_sev,0.09639845803113373,0.09269741671493144,0.10012324282494657,0.06733896948624081,0.06394799009853144,0.0706613323921005,217054
qwen,total_operators,defects_total,0.31882487375105506,0.3151394799820981,0.3226549911426639,0.002238956813171554,-0.002930489409424973,0.007026001739924407,217054
qwen,total_operators,def_assignment,0.08285749352857673,0.07832875353489745,0.08713146191256405,-0.047490502375132596,-0.05181811115033986,-0.043009290199084706,217054
qwen,total_operators,def_algorithm,0.33795581228567667,0.33450110376723435,0.3411048460943075,0.1462302068598061,0.14230101201608145,0.15005896344368325,217054
qwen,total_operators,def_interface,0.04783786812686533,0.04461068127159691,0.05088651196342773,0.0044968563119221,0.00022961745577417203,0.008738388120399404,217054
qwen,total_operators,def_checking,0.17652982729501945,0.17312747287845628,0.18024209087186666,-0.0029822213883781974,-0.007493861657749454,0.0014438041462262886,217054
qwen,total_operators,def_timing,0.052402924482594815,0.04887856821153094,0.055982734013317735,-0.01520749116504305,-0.019264157467927628,-0.011377349096816359,217054
qwen,total_operators,def_function_class_object,0.025367370810047418,0.021082823610332164,0.029459461630231717,-0.0873369080459567,-0.09398210447044145,-0.08121849331752405,217054
qwen,total_operators,vulns_total,0.19186041920417826,0.18859587850470624,0.1949790612348506,0.014833105820203276,0.010585190332116546,0.01913551864213329,217054
qwen,total_operators,vulns_high_sev,0.0773718719828551,0.07407886312329276,0.08080485263803648,0.03616653712778405,0.03292633424316718,0.039334178046468764,217054
qwen,total_operands,defects_total,0.2965062177123513,0.29269212703387754,0.3005000560162444,0.019085971897881866,0.014334074798866867,0.02411440795157001,217054
qwen,total_operands,def_assignment,0.07713870069751408,0.07263519854022758,0.08156741068054998,-0.032985855535996415,-0.03712805494258932,-0.02885468321529593,217054
qwen,total_operands,def_algorithm,0.3202040403199309,0.31667301548825133,0.3235505026020646,0.14105615926394657,0.1371805050913566,0.14485334086553292,217054
qwen,total_operands,def_interface,0.05197118755459892,0.04857117908966341,0.05516634469495189,0.016288025479448756,0.012551968486172667,0.019938923203070717,217054
qwen,total_operands,def_checking,0.1890553603721091,0.18543666411067702,0.19276836147318108,0.04208676133214375,0.037661304587761936,0.04628464832218205,217054
qwen,total_operands,def_timing,0.012031141966774657,0.008293118170736262,0.015880825850769657,-0.060345279943813106,-0.06474868305911224,-0.056034693367005735,217054
qwen,total_operands,def_function_class_object,0.005043785575563031,0.0006139267674475644,0.009234809183885768,-0.09308332770837499,-0.09904156159825438,-0.08744471855506562,217054
qwen,total_operands,vulns_total,0.20894300990960504,0.20568370461446006,0.2120655098599037,0.06493357808011224,0.06088664854930144,0.06886045352008804,217054
qwen,total_operands,vulns_high_sev,0.08618534189126853,0.08269189086759889,0.08965210915368398,0.05198078861529924,0.0486655354788128,0.055301343730011054,217054
qwen,halstead_v,defects_total,0.3176270456581587,0.31379233968586695,0.3213574041065036,0.016052389722536843,0.011153733426715143,0.020778710722222492,217054
qwen,halstead_v,def_assignment,0.08462606946455968,0.08010119582886913,0.08896765008461467,-0.03761006924602758,-0.041777245109610985,-0.033314291070419076,217054
qwen,halstead_v,def_algorithm,0.3339726963741583,0.3305426286439157,0.3371507646226523,0.14584484723570595,0.14184537466219133,0.14955256273553152,217054
qwen,halstead_v,def_interface,0.05163140233366594,0.04833610448923168,0.05472564766885292,0.012119822262469314,0.008310622401380486,0.01592580544142553,217054
qwen,halstead_v,def_checking,0.1877356731136529,0.184302875819621,0.19135077649369503,0.02294336892420556,0.018328710835403033,0.027357612340353197,217054
qwen,halstead_v,def_timing,0.03962915542023587,0.036054924559387816,0.0432905969739233,-0.03113447346656306,-0.035343056467519646,-0.027222006932307048,217054
qwen,halstead_v,def_function_class_object,0.018157298467110717,0.013804682762485478,0.022219223051873915,-0.09098441979582804,-0.09747070727737915,-0.08514561127912985,217054
qwen,halstead_v,vulns_total,0.2038726948317501,0.2006318787941631,0.2068825899649627,0.04151404675601897,0.03741480334990367,0.045707001394112906,217054
qwen,halstead_v,vulns_high_sev,0.08300903521484825,0.07966620354383894,0.08635504839708577,0.04571084870146756,0.04238119045707635,0.04901403197833007,217054
qwen,halstead_difficulty,defects_total,0.2785645550422067,0.27498670440500567,0.2824684822011416,-0.033789770360600054,-0.03861069981811667,-0.029182350114607302,217054
qwen,halstead_difficulty,def_assignment,0.062332652223537274,0.05793196078303388,0.06666772857199695,-0.06498760002544804,-0.06943693057748083,-0.06082634702881124,217054
qwen,halstead_difficulty,def_algorithm,0.3082649427026931,0.3047541688607948,0.31160439268973844,0.11145826686947767,0.10737787413254665,0.11555037408236092,217054
qwen,halstead_difficulty,def_interface,0.03125893162036792,0.02842456438486838,0.0340681230574526,-0.016422789415920395,-0.020352311434747063,-0.012580164585033892,217054
qwen,halstead_difficulty,def_checking,0.13490176718089722,0.1314546811290311,0.13861284366589174,-0.05025293226513457,-0.05499177783155888,-0.04558687923870809,217054
qwen,halstead_difficulty,def_timing,0.03691022891730772,0.03354531752784176,0.040223475108209915,-0.03171253286326636,-0.0360330987574027,-0.027496873349669847,217054
qwen,halstead_difficulty,def_function_class_object,0.05526863954319357,0.051320089627117406,0.059463927157129316,-0.030256110550841694,-0.03588557251310739,-0.024678769429046503,217054
qwen,halstead_difficulty,vulns_total,0.1390410179029052,0.13568114685934343,0.1421206436079314,-0.05029744410998267,-0.05438217924395035,-0.04607146201725278,217054
qwen,halstead_difficulty,vulns_high_sev,0.04977595336942289,0.046752499547091396,0.05256649979771159,-0.0024661036582780773,-0.005491224211598616,0.0006663227480242612,217054
qwen,halstead_effort,defects_total,0.31999649094897237,0.3163318495409461,0.3236983627477503,0.007747799640488079,0.0029284078781684954,0.012408491841843962,217054
qwen,halstead_effort,def_assignment,0.08947413294109302,0.08501020414382301,0.09373872272370654,-0.03542480190038936,-0.03971732621709661,-0.03130239001679194,217054
qwen,halstead_effort,def_algorithm,0.3339160090593985,0.33041106717013724,0.3372418107283493,0.1408368232985503,0.13672669874942225,0.14470562649222388,217054
qwen,halstead_effort,def_interface,0.04768509668235596,0.044548760034516875,0.050570550272646876,0.004670401499258293,0.0008202397354260759,0.008430369556356782,217054
qwen,halstead_effort,def_checking,0.17504550441473363,0.17145499517869084,0.17878476227398882,-0.003487453176113234,-0.008156467930735075,0.001011637693933679,217054
qwen,halstead_effort,def_timing,0.04014014024023247,0.03664688079208254,0.04366604561024325,-0.033683389639245685,-0.0378362783979124,-0.02969322812777857,217054
qwen,halstead_effort,def_function_class_object,0.03864932882313119,0.03438641577707884,0.042734262918665895,-0.06479607650209702,-0.07114381193062158,-0.059022732322377654,217054
qwen,halstead_effort,vulns_total,0.18683071942336626,0.18349834563219572,0.1899054439585218,0.008494749665762854,0.004277986777207893,0.012751548729633513,217054
qwen,halstead_effort,vulns_high_sev,0.07284405908984597,0.0696075382562892,0.0759983142486964,0.029273680107583994,0.02589577166783571,0.03235756583827608,217054
qwen,mi,defects_total,-0.3171590538005223,-0.3208422392351108,-0.3133764556762377,0.02878082588159348,0.023886686050018376,0.033895306911379985,217054
qwen,mi,def_assignment,-0.07036610561035253,-0.07476478281109568,-0.06580641554927562,0.08209042120197618,0.07758852916315893,0.08671774494171354,217054
qwen,mi,def_algorithm,-0.3312480813886667,-0.33443293559014614,-0.3278688477404174,-0.12465757332038148,-0.1288028593857348,-0.12067755593498908,217054
qwen,mi,def_interface,-0.04552806248967619,-0.0487395450213727,-0.04234427275107002,0.0027250189349656323,-0.002300431369788194,0.00751748083941263,217054
qwen,mi,def_checking,-0.1852381007238491,-0.18889932782359564,-0.1818181277410455,0.002723951016671954,-0.0021836327168038507,0.00737426715929931,217054
qwen,mi,def_timing,-0.06081121930777154,-0.06434914444165742,-0.05697361207401312,0.007051868066754943,0.0027886794498904813,0.011624949045983704,217054
qwen,mi,def_function_class_object,-0.018591808244673012,-0.02255735243603326,-0.014441914873663792,0.11258053274271168,0.10656709582872692,0.11887711169241777,217054
qwen,mi,vulns_total,-0.19825117199629608,-0.20133923067519613,-0.19503358237484603,-0.01210279288317774,-0.016857448858565015,-0.007594862048488391,217054
qwen,mi,vulns_high_sev,-0.07865927767487411,-0.08200041093027582,-0.075442689887161,-0.036898260414155774,-0.040482616037397674,-0.033113521039985064,217054
qwen,naturalness,defects_total,0.11292960091094642,0.10888941459016477,0.11679725890150452,0.013135085431064262,0.008971461255614339,0.017043395957648606,217054
qwen,naturalness,def_assignment,0.06084033807867827,0.05677088307239496,0.0647635865995612,0.025983272758791524,0.02197367465767603,0.029943480031519414,217054
qwen,naturalness,def_algorithm,0.0481882183352804,0.044287977805627966,0.05181192267912292,-0.03457127174365863,-0.03847777799527593,-0.030714376626430357,217054
qwen,naturalness,def_interface,0.0053677876076861225,0.002470534133263936,0.00832275811404083,-0.009293215269648103,-0.012314684100762188,-0.006132285499377978,217054
qwen,naturalness,def_checking,0.02333542434714224,0.019931814340183214,0.02682814151742791,-0.03561185919209224,-0.03907555380827377,-0.03223612772807658,217054
qwen,naturalness,def_timing,0.0918348600721622,0.08816672021370435,0.0955644346009068,0.0745953179848209,0.07088736267449462,0.07836620185884464,217054
qwen,naturalness,def_function_class_object,0.0856826154686042,0.08165959339224829,0.08953418950472936,0.06229816495415701,0.05814223195679695,0.06621943988799289,217054
qwen,naturalness,vulns_total,0.006842195264899874,0.003657711526535333,0.01015265547444065,-0.05465763535912801,-0.05783560665457655,-0.051348911216686076,217054
qwen,naturalness,vulns_high_sev,-0.018869614751454922,-0.02181074889878732,-0.015876437563609666,-0.037523972643468156,-0.04077858088292371,-0.034416397945807406,217054
